text,external_id
"Could you look into this? On the 11/6 upload, VAT is correct; the disputed figure is the unit price, off by $39.  Any ETA would help.",TKT-20251111-143
"麻烦协助看一下:发票日期是3月21日,验收单是447件,发票却开了487件,麻烦核对。 具体单据我稍后补发。",CS-20260401-6722
"采购部转过来的问题,发票日期是9月3日,能提供这笔发票的预计付款日期吗? 谢谢协助,采购也在等回复。",CS-20260914-893
"Hi there, The invoice dated 5/8, 采购单约定单价258元,票面上却按222元计费。 系统里截图我发到留言板了。 Best regards.",RQ-20260601-822
"Hello AP team, The ticket was filed on 2/25, 采购单数量没变,但实际入库只有194件,票上按125件结算。 Best regards.",TKT-20260320-970
"采购部转过来的问题,关于5月28日提交的那笔发票,供应商一直在催,麻烦查下付款进度。 急,能尽快处理吗?",TKT-20260619-205
"财务同事好,上传时间为4月18日,币种和折算金额好像不对,请复核。 急,能尽快处理吗?",CS-20260501-308
"Good morning, It has been pending for 9 days; any update on the payment run?  Thanks.",CS-20260413-745
"这边有个单子需要处理一下,发票日期是8月12日,验收单是341件,发票却开了281件,麻烦核对。 急,能尽快处理吗?",INC-20250903-677
"供应商那边一直在问,这张票是5月22日录进去的,这张票昨天已经提交过一次,今天又看到一笔相同的申请。 有结果了麻烦通知我。",INC-20260605-4005
"Could you look into this? The ticket was filed on 1/20, Please check for a duplicate entry against last week's batch.  Attachments are on the way. Could you respond this week?",RQ-20260210-683
"想麻烦确认一下,关于11月20日上传的票据,查了一下,同一发票号出现了两次,金额都一样。 附件稍后补齐。",CS-20251204-469
"收到一张发票想确认下,对应9月19日的采购单,能提供这笔发票的预计付款日期吗? 附件我待会儿补上。 辛苦了。",AP-20260929-956
"Following up on an invoice, The invoice dated 9/8, 验收单是45件,发票却开了461件,麻烦核对。 Appreciate the help.",INC-20251002-864
"We noticed an issue, The invoice dated 9/22, There is an invoice issue, but we do not yet have enough detail to identify it.  Best regards.",CS-20250926-541
"帮忙看下这个情况,这张票是7月11日录进去的,发票税额比明细合计多116元,麻烦重算一下。 附件稍后补齐。",CS-20260804-409
"We noticed an issue, The ticket was filed on 9/19, Warehouse received 302 pieces, but the invoice says 16.  I can pull the supporting docs if needed. Appreciate the help.",INC-20251009-154
"不好意思打扰了,这张票是1月24日录进去的,这张票提交快40天了,门户还显示待处理,想问下什么时候能付款。 谢谢。",AP-20260204-530
"Quick question, Regarding the submission from 10/8, The portal did not explain the exception.  Screenshot is in the portal. Best regards.",RQ-20251028-186
"Good morning, The ticket was filed on 6/27, 能提供这笔发票的预计付款日期吗? Best regards.",CS-20260701-551
"您好,公司名称已变更,烦请修改供应商主数据。供应商一直在催,麻烦查下付款进度。 急,能尽快处理吗?",INC-20260602-2973
"帮忙看下这个情况,这张票是4月14日录进去的,合同用人民币结算,票面却填成美元,需要修正。 有结果了麻烦通知我。",AP-20260416-972
"这边有个单子需要处理一下,这张票是3月15日录进去的,抬头信息和注册名称不一致,需要更新档案。 之前电话沟通过,再文字确认一下。 附件稍后补齐。",TKT-20260320-538
"帮忙看下这个情况,这张票是4月5日录进去的,对照采购订单后发现,这批货的含税前单价多写了138元。 多谢!",AP-20260429-667
"We noticed an issue, The invoice dated 11/12, 单价和采购合同对不上,麻烦重核一下。 Could you respond this week?",AP-20251205-705
"您好,关于6月13日上传的票据,这张票提交快14天了,门户还显示待处理,想问下什么时候能付款。 具体单据我稍后补发。",AP-319540-36
"刚收到系统提示,供应商询问汇款是否发出,请帮忙查询状态。 之前电话沟通过,再文字确认一下。 真的挺急的。 急,能尽快处理吗?",INC-20260812-637
"我们在核对本周单据时发现,关于9月16日上传的票据,能提供这笔发票的预计付款日期吗? 麻烦给个准话。 辛苦了。",TKT-20260920-530
"请帮忙核实,发票日期是3月23日,付款审核卡在缺少采购或收货附件这一步,缺的是收货凭证。 麻烦把处理进度同步一下。 你说这算谁的。 麻烦本周内反馈一下。",INC-20260324-4196
"请帮忙核实,上传时间为9月25日,供应商的收款银行账户换了,后续付款请用新信息。供应商询问汇款是否发出,请帮忙查询状态。 谢谢协助,采购也在等回复。",RQ-20251003-203
"采购部转过来的问题,这张票是9月16日录进去的,供应商一直在催,麻烦查下付款进度。 具体单据我稍后补发。",CS-20251002-652
"We noticed an issue, The purchase order and invoice disagree on unit pricing for this delivery.  Could you respond this week?",AP-20251114-155
"Just flagging, For the document uploaded on 6/22, Could we get an estimated payment date for this invoice?  The vendor is chasing us on this. Cheers.",CS-20260625-582
"刚收到系统提示,这张票是2月8日录进去的,供应商一直在催,麻烦查下付款进度。 回头我补附件。 麻烦本周内反馈一下。",RQ-20260208-672
"请帮忙核实,这张票提交快18天了,门户还显示待处理,想问下什么时候能付款。 客户那边催得紧。 急,能尽快处理吗?",TKT-20251103-437
"采购部转过来的问题,发票日期是12月25日,采购单约定单价83元,票面上却按141元计费。 附件我待会儿补上。 辛苦了。",TKT-20251231-203
"关于这张发票,关于12月7日上传的票据,供应商一直在催,麻烦查下付款进度。 多谢!",RQ-20251216-5235
"供应商反馈:这张票是9月13日录进去的,币种和折算金额好像不对,请复核。 处理意见请回到门户留言。",TKT-20260917-402
"供应商那边一直在问,上传时间为5月30日,收货记录显示133件,票上写了478件。 我这边可以配合补充任何单据。 急,能尽快处理吗?",INC-20260603-7935
"Following up on an invoice, Please update the supplier master with the new legal name.  I can pull the supporting docs if needed. Could you respond this week?",CS-20251010-750
"这边有个单子需要处理一下,这张票是4月1日录进去的,这张票昨天已经提交过一次,今天又看到一笔相同的申请。 系统里截图我发到留言板了。 你说这算谁的。 辛苦了。",RQ-20260424-6338
"关于这张发票,这张票是3月11日录进去的,这张票昨天已经提交过一次,今天又看到一笔相同的申请。 别拖到下个月了啊。 附件稍后补齐。",TKT-20260317-472
"供应商反馈:发票日期是2月3日,请帮忙确认这笔发票是不是和9月16日提交的那张重复了。 有结果了麻烦通知我。",INC-20260224-463
"门店这边反馈,关于3月23日提交的那笔发票,单价和采购合同对不上,麻烦重核一下。 我这边可以配合补充任何单据。 有结果了麻烦通知我。",TKT-20260326-183
"这个单子卡了好几天了,关于2月6日上传的票据,供应商询问汇款是否发出,请帮忙查询状态。 之前电话沟通过,再文字确认一下。 急,能尽快处理吗?",RQ-20260209-4297
"Quick question, On the 11/9 upload, 收货记录显示401件,票上写了27件。 Appreciate the help.",RQ-20251112-797
"供应商那边一直在问,对应3月13日的采购单,能提供这笔发票的预计付款日期吗? 有结果了麻烦通知我。",INC-20260331-708
"麻烦协助看一下:关于3月10日提交的那笔发票,这张票昨天已经提交过一次,今天又看到一笔相同的申请。 先谢过了。 处理意见请回到门户留言。",INC-20260326-107
"不好意思打扰了,上传时间为8月3日,入库单还没传到系统,发票已经过来了。 麻烦本周内反馈一下。",RQ-20260811-7525
"Quick question, For the document uploaded on 7/4, The tax amount does not add up with the line details.  Any ETA would help.",RQ-20260729-207
"财务同事好,对应8月29日的采购单,这张票昨天已经提交过一次,今天又看到一笔相同的申请。 有结果了麻烦通知我。",AP-20250919-650
"我们在核对本周单据时发现,这张票是12月31日录进去的,供应商一直在催,麻烦查下付款进度。 多谢!",INC-20260105-917
"Could you look into this? The ticket was filed on 4/25, Please compare the invoice quantity with the goods receipt on file.  Happy to send the original document.",TKT-20260515-5741
"Following up on an invoice, Regarding the submission from 9/6, Warehouse received 362 pieces, but the invoice says 249.  Could you respond this week?",INC-20250929-299
"帮忙看下这个情况,发票日期是2月7日,Please update the supplier master with the new legal name. Could we get an estimated payment date for this invoice?  The vendor is chasing us on this. 辛苦了。",TKT-20260213-555
"Good morning, The invoice dated 9/21, 对照采购订单后发现,这批货的含税前单价多写了295元。 Best regards.",CS-20250929-455
"刚收到系统提示,上传时间为12月11日,采购单数量没变,但实际入库只有493件,票上按128件结算。 多谢!",INC-20251215-8250
"这个单子卡了好几天了,上传时间为4月20日,供应商一直在催,麻烦查下付款进度。 多谢!",AP-20260501-421
"Quick question, Regarding the submission from 8/20, The same invoice number appeared twice with identical amounts.  Please let me know once resolved.",TKT-20250903-386
"We noticed an issue, 仓库已经收货了,但系统里找不到收货单。 Thanks.",CS-20260728-383
"您好,对应6月25日的采购单,供应商一直在催,麻烦查下付款进度。 系统里截图我发到留言板了。 多谢!",RQ-20260630-543
"Following up on an invoice, For the document uploaded on 2/7, 请帮忙确认这笔发票是不是和9月9日提交的那张重复了。 我这边可以配合补充任何单据。 Could you respond this week?",RQ-20260302-581
"Regarding this invoice, The portal did not explain the exception.  Please keep us posted. Thanks.",INC-20260225-179
"Hi there, The supplier is asking whether the remittance has been sent.  Thanks.",INC-20251231-646
"您好,单价和采购合同对不上,麻烦重核一下。 多谢!",RQ-20260203-348
"帮忙看下这个情况,发票日期是10月18日,The supplier is asking whether the remittance has been sent.  辛苦了。",AP-20251024-326
"Following up on an invoice, Invoice quantity exceeds the signed goods receipt by 22 units.  Thanks.",CS-20260317-877
"We noticed an issue, On the 4/4 upload, The goods receipt has not been posted yet.  Best regards.",TKT-20260408-330
"Good morning, The invoice dated 5/30, Please attach the goods receipt so AP can process this invoice.  Please let me know once resolved.",INC-20260601-898
"关于这张发票,上传时间为2月26日,Unit price on the PO is $89, but the invoice bills $289.  辛苦了。",TKT-20260309-834
"财务同事好,关于10月22日上传的票据,我们不确定应该将这份贷项通知关联到哪张票,目前没有明确的金额、数量或付款争议。 处理意见请回到门户留言。",RQ-20251107-832
"请帮忙核实,关于11月18日提交的那笔发票,门户里出现两条票号和金额相同的记录,疑似重复提交。 先谢过了。 附件稍后补齐。",AP-20251120-493
"供应商反馈:这张票是5月31日录进去的,供应商询问汇款是否发出,请帮忙查询状态。 先谢过了。 谢谢。",RQ-20260609-9063
Could you look into this? Quantity is fine; the unit cost does not match the approved PO line.  Could you respond this week?,RQ-309605-46
"Quick question, For the document uploaded on 4/4, We need an update on the remittance stage.  Happy to send the original document.",TKT-20260427-327
"Portal message: On the 6/2 upload, 采购单数量没变,但实际入库只有52件,票上按209件结算。 之前电话沟通过,再文字确认一下。 Best regards.",RQ-20260617-414
"请帮忙核实,这张票是3月20日录进去的,收货记录显示35件,票上写了157件。 麻烦本周内反馈一下。",RQ-20260331-550
"想麻烦确认一下,仓库已经收货了,但系统里找不到收货单。 谢谢协助,采购也在等回复。",AP-20260402-874
"We noticed an issue, Regarding the submission from 11/12, The supplier is asking whether the remittance has been sent.  Please keep us posted. Happy to send the original document.",AP-20251205-3084
"供应商那边一直在问,对应2月14日的采购单,能提供这笔发票的预计付款日期吗? 处理意见请回到门户留言。",RQ-20260218-1691
"帮忙看下这个情况,发票日期是9月10日,采购单约定单价32元,票面上却按190元计费。 有结果了麻烦通知我。",INC-20260928-471
"收到一张发票想确认下,这张票是11月17日录进去的,对照采购订单后发现,这批货的含税前单价多写了33元。 别拖到下个月了啊。 附件稍后补齐。",TKT-20251204-624
"Following up on an invoice, For the document uploaded on 1/19, The purchase order and invoice disagree on unit pricing for this delivery.  Any ETA would help.",CS-20260128-900
"供应商那边一直在问,关于12月13日提交的那笔发票,这张票昨天已经提交过一次,今天又看到一笔相同的申请。 真的挺急的。 急,能尽快处理吗?",INC-20251218-803
"关于这张发票,对应5月5日的采购单,付款审核卡在缺少采购或收货附件这一步,缺的是收货凭证。 客户那边催得紧。 急,能尽快处理吗?",AP-20260520-394
"Hi there, The ticket was filed on 8/9, It has been pending for 32 days; any update on the payment run?  Thanks.",AP-355441-27
"Hello AP team, The invoice dated 7/31, The receiving record shows 36 units; the invoice bills 467.  Could you respond this week?",CS-20260803-448
"Hello AP team, The invoice dated 3/31, The VAT total is off by $38.  Any ETA would help.",TKT-985317-63
"不好意思打扰了,关于2月2日上传的票据,这单缺采购订单附件,麻烦帮忙补一下关联。 我这边可以配合补充任何单据。 多谢!",INC-20260225-3980
"Good morning, There is an invoice issue, but we do not yet have enough detail to identify it.  Could you respond this week?",AP-20251205-6019
"Following up on an invoice, 门户里出现两条票号和金额相同的记录,疑似重复提交。 Best regards.",INC-20260407-174
"关于这张发票,关于5月16日上传的票据,请帮忙确认这笔发票是不是和8月6日提交的那张重复了。 系统里截图我发到留言板了。 有结果了麻烦通知我。",TKT-20260529-102
"Could you look into this? The ticket was filed on 8/31, The VAT total is off by $14.  Best regards.",INC-635925-30
"麻烦协助看一下:对应5月4日的采购单,供应商一直在催,麻烦查下付款进度。 急,能尽快处理吗?",CS-20260507-8984
"We noticed an issue, The ticket was filed on 10/22, 查了一下,同一发票号出现了两次,金额都一样。 Any ETA would help.",RQ-20251105-689
"We noticed an issue, The invoice dated 8/1, Quantity is fine; the unit cost does not match the approved PO line.  I can pull the supporting docs if needed. Could you respond this week?",TKT-20260824-374
"Could you look into this? 这张票昨天已经提交过一次,今天又看到一笔相同的申请。 我这边可以配合补充任何单据。 Happy to send the original document.",CS-20260809-350
"我们月底对账的时候发现,关于5月11日提交的那笔发票,这张票昨天已经提交过一次,今天又看到一笔相同的申请。 附件我待会儿补上。 多谢!",AP-20260602-719
"Just flagging, Regarding the submission from 5/11, VAT is correct; the disputed figure is the unit price, off by $48.  We discussed this on a call earlier. Any ETA would help.",RQ-189886-50
"Good morning, The ticket was filed on 5/8, Quantity is fine; the unit cost does not match the approved PO line.  Could you respond this week?",AP-20260525-891
"Portal message: On the 9/18 upload, The receiving record shows 363 units; the invoice bills 474.  Appreciate the help.",INC-20250926-6552
"请帮忙核实,对应12月23日的采购单,Warehouse received 352 pieces, but the invoice says 286.  谢谢。",TKT-20260102-671
"Hello AP team, Regarding the submission from 3/18, 价税合计和税率对不上,差了23元。 Cheers.",AP-20260323-499
"想麻烦确认一下,关于9月3日上传的票据,合同用人民币结算,票面却填成美元,需要修正。 辛苦了。",CS-20250904-763
"Just flagging, The ticket was filed on 6/21, The VAT total is off by $4.  Please let me know once resolved.",CS-20260626-610
"帮忙看下这个情况,这张票是5月20日录进去的,验收单是300件,发票却开了479件,麻烦核对。 客户那边催得紧。 真的挺急的。 附件稍后补齐。",CS-20260604-8675
"关于这张发票,对应8月28日的采购单,This looks like a second submission of the same invoice.  麻烦本周内反馈一下。",TKT-20250919-333
"我们月底对账的时候发现,发票税额比明细合计多195元,麻烦重算一下。数量没问题,就是单价差了2块。 麻烦本周内反馈一下。",CS-20251211-301
"不好意思打扰了,关于2月25日提交的那笔发票,能提供这笔发票的预计付款日期吗? 辛苦了。",CS-20260226-257
"门店这边反馈,这张票是5月21日录进去的,币种和折算金额好像不对,请复核。 有结果了麻烦通知我。",AP-20260527-4950
"供应商那边一直在问,上传时间为10月29日,入库数量和发票数量对不上,差49件。 先谢过了。 谢谢。",CS-20251030-420
"供应商反馈:发票日期是6月8日,合同用人民币结算,票面却填成美元,需要修正。 之前电话沟通过,再文字确认一下。 有结果了麻烦通知我。",AP-20260612-375
"我们月底对账的时候发现,采购单约定单价80元,票面上却按158元计费。 系统里截图我发到留言板了。 急,能尽快处理吗?",INC-20260326-334
"不好意思打扰了,关于12月5日提交的那笔发票,这张票提交快18天了,门户还显示待处理,想问下什么时候能付款。 急,能尽快处理吗?",AP-20251226-996
"这个单子卡了好几天了,关于2月23日上传的票据,门户里出现两条票号和金额相同的记录,疑似重复提交。 麻烦本周内反馈一下。",INC-20260309-443
"麻烦协助看一下:发票日期是2月3日,这张票昨天已经提交过一次,今天又看到一笔相同的申请。 处理意见请回到门户留言。",RQ-20260226-178
"We noticed an issue, For the document uploaded on 5/16, Please update the supplier master with the new legal name.  We discussed this on a call earlier. Best regards.",INC-20260601-212
"Following up on an invoice, The ticket was filed on 4/25, We need an update on the remittance stage.  We discussed this on a call earlier. Please let me know once resolved.",RQ-20260430-186
"我们在核对本周单据时发现,对照采购订单后发现,这批货的含税前单价多写了261元。 有结果了麻烦通知我。",TKT-20260429-924
"我们月底对账的时候发现,关于6月8日上传的票据,公司名称已变更,烦请修改供应商主数据。 谢谢。",INC-20260701-858
"这个单子卡了好几天了,上传时间为8月6日,采购单约定单价131元,票面上却按163元计费。 谢谢协助,采购也在等回复。",INC-20260831-4908
"刚收到系统提示,这单缺采购订单附件,麻烦帮忙补一下关联。 具体单据我稍后补发。",CS-20260605-917
"收到一张发票想确认下,对应8月16日的采购单,门户里出现两条票号和金额相同的记录,疑似重复提交。 附件稍后补齐。",CS-20250902-474
"这个单子卡了好几天了,这张票是2月19日录进去的,币种和折算金额好像不对,请复核。 谢谢。",AP-20260222-9186
"供应商那边一直在问,验收单是201件,发票却开了137件,麻烦核对。 急,能尽快处理吗?",INC-20260818-384
"供应商反馈:上传时间为8月10日,发票税额比明细合计多244元,麻烦重算一下。 系统里截图我发到留言板了。 麻烦本周内反馈一下。",CS-20260817-385
"关于这张发票,上传时间为7月3日,我们不确定应该将这份贷项通知关联到哪张票,目前没有明确的金额、数量或付款争议。 附件我待会儿补上。 你说这算谁的。 有结果了麻烦通知我。",AP-20260721-504
"我们在核对本周单据时发现,这张票提交快24天了,门户还显示待处理,想问下什么时候能付款。 处理意见请回到门户留言。",RQ-20260902-140
"请帮忙核实,这张票昨天已经提交过一次,今天又看到一笔相同的申请。 先谢过了。 谢谢协助,采购也在等回复。",AP-20260718-526
"Regarding this invoice, The ticket was filed on 8/21, The purchase order and invoice disagree on unit pricing for this delivery.  Please keep us posted. Cheers.",TKT-20260914-321
"Regarding this invoice, On the 7/30 upload, The same invoice number appeared twice with identical amounts.  Appreciate the help.",CS-20260820-229
"我们月底对账的时候发现,对应11月5日的采购单,数量没问题,就是单价差了39块。 麻烦本周内反馈一下。",AP-20251128-644
"关于这张发票,关于12月1日上传的票据,能提供这笔发票的预计付款日期吗? 我这边可以配合补充任何单据。 急,能尽快处理吗?",TKT-20251210-2028
"请帮忙核实,对应3月21日的采购单,这张票昨天已经提交过一次,今天又看到一笔相同的申请。 麻烦本周内反馈一下。",INC-20260325-511
"请帮忙核实,关于8月12日提交的那笔发票,供应商的收款银行账户换了,后续付款请用新信息。 麻烦本周内反馈一下。",INC-20260831-848
"We noticed an issue, 查了一下,同一发票号出现了两次,金额都一样。 Please let me know once resolved.",AP-20260527-5919
"您好,关于12月22日上传的票据,数量没问题,就是单价差了21块。 系统里截图我发到留言板了。 回头我补附件。 谢谢。",AP-20260114-680
"关于这张发票,对应11月26日的采购单,上传页面一直没确认收到文件,麻烦看下是不是漏了。 麻烦本周内反馈一下。",TKT-20251203-713
"收到一张发票想确认下,关于8月23日上传的票据,查了一下,同一发票号出现了两次,金额都一样。 具体单据我稍后补发。",TKT-20250903-1400
"想麻烦确认一下,对应12月23日的采购单,我们不确定应该将这份贷项通知关联到哪张票,目前没有明确的金额、数量或付款争议。 附件我待会儿补上。 谢谢。",CS-472095-52
"We noticed an issue, The invoice dated 7/1, Could we get an estimated payment date for this invoice?  Best regards.",INC-20260708-924
"We noticed an issue, On the 3/7 upload, VAT is correct; the disputed figure is the unit price, off by $47.  Best regards.",RQ-948576-67
"想麻烦确认一下,对应4月12日的采购单,对照采购订单后发现,这批货的含税前单价多写了190元。 附件我待会儿补上。 处理意见请回到门户留言。",INC-20260504-8171
"Following up on an invoice, The ticket was filed on 10/8, We need an update on the remittance stage.  Screenshot is in the portal. Any ETA would help.",RQ-20251027-9513
"关于这张发票,发票日期是8月11日,供应商一直在催,麻烦查下付款进度。 真的挺急的。 处理意见请回到门户留言。",CS-20260818-680
"采购部转过来的问题,关于11月9日提交的那笔发票,这张票提交快10天了,门户还显示待处理,想问下什么时候能付款。 处理意见请回到门户留言。",CS-20251204-769
"We noticed an issue, The invoice dated 12/1, 币种和折算金额好像不对,请复核。 麻烦把处理进度同步一下。 Please let me know once resolved.",INC-101104-56
"Hello AP team, The ticket was filed on 1/24, 我们不确定应该将这份贷项通知关联到哪张票,目前没有明确的金额、数量或付款争议。 Appreciate the help.",CS-20260127-151
"Portal message: Regarding the submission from 10/21, The portal did not explain the exception.  Happy to send the original document.",CS-20251114-1995
"We noticed an issue, Invoice quantity exceeds the signed goods receipt by 8 units.  Please keep us posted. Cheers.",RQ-20250915-765
"Following up on an invoice, Regarding the submission from 4/23, The purchase order and invoice disagree on unit pricing for this delivery.  Cheers.",TKT-270780-91
"财务同事好,发票日期是3月17日,这张票昨天已经提交过一次,今天又看到一笔相同的申请。 我这边可以配合补充任何单据。 多谢!",INC-327135-90
"Good morning, Regarding the submission from 12/2, 币种和折算金额好像不对,请复核。 Please let me know once resolved.",RQ-20251205-693
"我们月底对账的时候发现,发票日期是10月23日,采购单约定单价23元,票面上却按207元计费。 附件我待会儿补上。 附件稍后补齐。",TKT-20251028-245
"财务同事好,关于3月15日上传的票据,入库数量和发票数量对不上,差16件。 我这边可以配合补充任何单据。 处理意见请回到门户留言。",RQ-20260408-226
"Just flagging, Regarding the submission from 4/2, We need an update on the remittance stage.  The vendor is chasing us on this. Could you respond this week?",TKT-865819-73
"财务同事好,It has been pending for 33 days; any update on the payment run?  The vendor is chasing us on this. 谢谢协助,采购也在等回复。",RQ-20260410-666
"刚收到系统提示,能提供这笔发票的预计付款日期吗? 有结果了麻烦通知我。",INC-20250901-181
"Following up on an invoice, The ticket was filed on 9/1, Could we get an estimated payment date for this invoice?  Any ETA would help.",INC-20260909-901
"财务同事好,这张票是10月24日录进去的,供应商询问汇款是否发出,请帮忙查询状态。 谢谢。",INC-20251110-744
"门店这边反馈,这张票是4月27日录进去的,Contract is in CNY but the invoice was issued in USD.  有结果了麻烦通知我。",AP-20260428-244
"麻烦协助看一下:关于12月9日上传的票据,价税合计和税率对不上,差了29元。 具体单据我稍后补发。",AP-20251231-729
"麻烦协助看一下:供应商一直在催,麻烦查下付款进度。 急,能尽快处理吗?",TKT-20251216-724
"Good morning, For the document uploaded on 3/6, 上传页面一直没确认收到文件,麻烦看下是不是漏了。 Best regards.",AP-20260311-9871
"想麻烦确认一下,对应5月18日的采购单,付款审核卡在缺少采购或收货附件这一步,缺的是收货凭证。 麻烦本周内反馈一下。",CS-20260601-250
"采购部转过来的问题,关于9月26日上传的票据,这张票昨天已经提交过一次,今天又看到一笔相同的申请。 急,能尽快处理吗?",INC-20250930-3374
"门店这边反馈,关于7月4日上传的票据,供应商一直在催,麻烦查下付款进度。 客户那边催得紧。 具体单据我稍后补发。",AP-20260728-476
"Hello AP team, PO上的单价是194元,发票按69元开的,差了57元。 Cheers.",CS-20251004-438
"关于这张发票,关于1月7日提交的那笔发票,Quantity is fine; the unit cost does not match the approved PO line.  多谢!",TKT-20260129-526
"想麻烦确认一下,供应商询问汇款是否发出,请帮忙查询状态。 系统里截图我发到留言板了。 多谢!",TKT-20260908-491
"财务同事好,这张票是2月11日录进去的,抬头信息和注册名称不一致,需要更新档案。 麻烦本周内反馈一下。",INC-20260302-823
"Regarding this invoice, The tax amount does not add up with the line details.  Best regards.",RQ-20250906-9913
"采购部转过来的问题,关于4月17日提交的那笔发票,供应商询问汇款是否发出,请帮忙查询状态。 麻烦本周内反馈一下。",TKT-20260511-201
"Following up on an invoice, The invoice dated 9/11, 请帮忙确认这笔发票是不是和9月26日提交的那张重复了。 Appreciate the help.",TKT-20250923-982
"供应商反馈:关于11月26日提交的那笔发票,VAT is correct; the disputed figure is the unit price, off by $16.  I can pull the supporting docs if needed. 辛苦了。",INC-670572-52
"这边有个单子需要处理一下,关于10月3日提交的那笔发票,请帮忙确认这笔发票是不是和7月25日提交的那张重复了。 处理意见请回到门户留言。",CS-20251022-685
"门店这边反馈,发票日期是1月15日,Two identical records are showing in the portal.  多谢!",INC-20260115-9126
"Quick question, The invoice dated 2/15, This looks like a second submission of the same invoice.  The vendor is chasing us on this. Any ETA would help.",INC-20260220-585
"Regarding this invoice, The invoice dated 7/9, This invoice is missing the purchase order reference.  Appreciate the help.",RQ-20260713-271
"供应商反馈:这张票是9月29日录进去的,公司名称已变更,烦请修改供应商主数据。 处理意见请回到门户留言。",RQ-20250929-519
"Following up on an invoice, On the 6/29 upload, Invoice quantity exceeds the signed goods receipt by 6 units.  Please let me know once resolved.",CS-20260702-429
"收到一张发票想确认下,合同用人民币结算,票面却填成美元,需要修正。 处理意见请回到门户留言。",INC-150976-83
"您好,关于6月1日上传的票据,对照采购订单后发现,这批货的含税前单价多写了92元。 辛苦了。",INC-20260622-557
"想麻烦确认一下,发票日期是2月25日,Please compare the invoice quantity with the goods receipt on file.  有结果了麻烦通知我。",RQ-20260320-4688
"收到一张发票想确认下,这张票是11月22日录进去的,这张票提交快16天了,门户还显示待处理,想问下什么时候能付款。 附件稍后补齐。",CS-20251202-490
"这个单子卡了好几天了,关于7月18日上传的票据,对照采购订单后发现,这批货的含税前单价多写了150元。 急,能尽快处理吗?",AP-20260730-266
"这个单子卡了好几天了,关于6月8日提交的那笔发票,供应商一直在催,麻烦查下付款进度。 麻烦把处理进度同步一下。 具体单据我稍后补发。",TKT-20260630-657
"收到一张发票想确认下,这张票是12月8日录进去的,仓库已经收货了,但系统里找不到收货单。 麻烦本周内反馈一下。",AP-20251228-1012
"Could you look into this? Regarding the submission from 2/23, 门户里出现两条票号和金额相同的记录,疑似重复提交。 我这边可以配合补充任何单据。 Best regards.",INC-20260224-621
"Good morning, For the document uploaded on 12/26, The purchase order and invoice disagree on unit pricing for this delivery.  Please let me know once resolved.",TKT-617637-55
"Could you look into this? On the 12/1 upload, 合同用人民币结算,票面却填成美元,需要修正。 Please let me know once resolved.",CS-20251203-374
"采购部转过来的问题,采购单数量没变,但实际入库只有186件,票上按386件结算。 辛苦了。",CS-20251210-536
"这边有个单子需要处理一下,对应7月25日的采购单,供应商询问汇款是否发出,请帮忙查询状态。 客户那边催得紧。 处理意见请回到门户留言。",TKT-20260727-403
"这个单子卡了好几天了,发票日期是7月11日,能提供这笔发票的预计付款日期吗? 系统里截图我发到留言板了。 处理意见请回到门户留言。",INC-20260802-435
"这边有个单子需要处理一下,关于5月19日提交的那笔发票,对照采购订单后发现,这批货的含税前单价多写了265元。 之前电话沟通过,再文字确认一下。 多谢!",TKT-20260519-969
"我们月底对账的时候发现,发票日期是2月21日,供应商一直在催,麻烦查下付款进度。 我这边可以配合补充任何单据。 具体单据我稍后补发。",INC-20260312-4300
"Following up on an invoice, On the 9/8 upload, The portal did not explain the exception.  Please let me know once resolved.",RQ-20260909-360
"这边有个单子需要处理一下,关于8月5日提交的那笔发票,采购单约定单价270元,票面上却按6元计费。入库单还没传到系统,发票已经过来了。 多谢!",AP-20260811-994
"请帮忙核实,这张票是3月12日录进去的,这单缺采购订单附件,麻烦帮忙补一下关联。 具体单据我稍后补发。",CS-20260331-953
"这边有个单子需要处理一下,关于3月14日提交的那笔发票,验收单是224件,发票却开了167件,麻烦核对。 谢谢协助,采购也在等回复。",INC-20260407-157
"Could you look into this? 供应商一直在催,麻烦查下付款进度。 Cheers.",AP-20260304-5528
"供应商反馈:这张票是3月5日录进去的,系统给的异常原因看不太懂,帮忙人工看一下。 具体单据我稍后补发。",RQ-20260327-4165
"收到一张发票想确认下,这张票是6月17日录进去的,数量没问题,就是单价差了25块。 我这边可以配合补充任何单据。 麻烦本周内反馈一下。",RQ-20260703-9552
"请帮忙核实,对应12月7日的采购单,查了一下,同一发票号出现了两次,金额都一样。 我这边可以配合补充任何单据。 辛苦了。",AP-20251231-670
"这个单子卡了好几天了,这张票是10月28日录进去的,数量没问题,就是单价差了28块。 谢谢协助,采购也在等回复。",CS-20251031-262
"Quick question, For the document uploaded on 2/12, Could we get an estimated payment date for this invoice?  Attachments are on the way. Appreciate the help.",CS-20260308-8699
"采购部转过来的问题,上传时间为11月12日,PO上的单价是16元,发票按143元开的,差了57元。 谢谢。",AP-20251128-132
"我们在核对本周单据时发现,对应4月12日的采购单,合同用人民币结算,票面却填成美元,需要修正。 谢谢协助,采购也在等回复。",RQ-20260505-240
"财务同事好,关于7月5日上传的票据,这张票昨天已经提交过一次,今天又看到一笔相同的申请。 麻烦把处理进度同步一下。 附件稍后补齐。",INC-20260727-456
"这边有个单子需要处理一下,关于4月24日提交的那笔发票,入库数量和发票数量对不上,差6件。 麻烦本周内反馈一下。",INC-452981-77
"Could you look into this? Regarding the submission from 11/7, The goods receipt has not been posted yet.  We discussed this on a call earlier. Please let me know once resolved.",RQ-20251126-338
"Hi there, Regarding the submission from 3/14, Could we get an estimated payment date for this invoice?  Happy to send the original document.",AP-20260406-443
"不好意思打扰了,这张票是1月31日录进去的,能提供这笔发票的预计付款日期吗? 谢谢。",CS-671282-39
"Regarding this invoice, The ticket was filed on 12/11, Could we get an estimated payment date for this invoice?  Cheers.",CS-20251214-561
"帮忙看下这个情况,上传时间为1月4日,查了一下,同一发票号出现了两次,金额都一样。 具体单据我稍后补发。",RQ-20260115-168
"We noticed an issue, The invoice dated 3/13, The purchase order and invoice disagree on unit pricing for this delivery.  Any ETA would help.",RQ-20260325-496
"供应商那边一直在问,对应9月14日的采购单,供应商一直在催,麻烦查下付款进度。 我这边可以配合补充任何单据。 麻烦给个准话。 处理意见请回到门户留言。",RQ-20251008-894
"Portal message: The invoice dated 10/4, We are unsure which ticket this credit note should map to.  Any ETA would help.",INC-20251028-124
"Good morning, The ticket was filed on 12/15, Could we get an estimated payment date for this invoice?  Thanks.",RQ-20251231-782
"Just flagging, Regarding the submission from 1/14, We need an update on the remittance stage.  Happy to send the original document.",TKT-20260128-651
"这个单子卡了好几天了,上传时间为7月29日,供应商一直在催,麻烦查下付款进度。 附件我待会儿补上。 谢谢。",INC-20260817-3753
"财务同事好,上传时间为2月21日,入库数量和发票数量对不上,差26件。 麻烦本周内反馈一下。",CS-20260306-295
"不好意思打扰了,关于8月14日上传的票据,仓库已经收货了,但系统里找不到收货单。 之前电话沟通过,再文字确认一下。 有结果了麻烦通知我。",RQ-20260904-8205
"麻烦协助看一下:币种和折算金额好像不对,请复核。 之前电话沟通过,再文字确认一下。 附件稍后补齐。",RQ-20251128-6776
"不好意思打扰了,对应4月5日的采购单,抬头信息和注册名称不一致,需要更新档案。 附件我待会儿补上。 具体单据我稍后补发。",AP-20260415-717
"Good morning, On the 11/21 upload, The purchase order and invoice disagree on unit pricing for this delivery.  Could you respond this week?",RQ-20251214-990
"Could you look into this? VAT is correct; the disputed figure is the unit price, off by $57.  Appreciate the help.",INC-264398-67
"不好意思打扰了,对应2月15日的采购单,这张票昨天已经提交过一次,今天又看到一笔相同的申请。 附件我待会儿补上。 附件稍后补齐。",TKT-20260227-173
"Just flagging, On the 7/24 upload, Could we get an estimated payment date for this invoice?  Happy to send the original document.",INC-304513-41
"采购部转过来的问题,这张票是9月9日录进去的,对照采购订单后发现,这批货的含税前单价多写了138元。 处理意见请回到门户留言。",CS-20250915-811
"采购部转过来的问题,关于11月7日提交的那笔发票,这单缺采购订单附件,麻烦帮忙补一下关联。 多谢!",CS-20251111-154
"供应商反馈:对应12月30日的采购单,单据有点问题,但暂时说不清具体是哪一类,先转人工看看吧。 急,能尽快处理吗?",AP-20260102-530
"门店这边反馈,上传时间为10月3日,这张票昨天已经提交过一次,今天又看到一笔相同的申请。 附件稍后补齐。",CS-20251003-471
"想麻烦确认一下,对应2月18日的采购单,付款审核卡在缺少采购或收货附件这一步,缺的是收货凭证。 之前电话沟通过,再文字确认一下。 急,能尽快处理吗?",AP-20260307-365
"这个单子卡了好几天了,关于3月18日上传的票据,数量没问题,就是单价差了21块。 客户那边催得紧。 具体单据我稍后补发。",TKT-20260409-414
"帮忙看下这个情况,采购单约定单价65元,票面上却按50元计费。 急,能尽快处理吗?",TKT-20260220-4640
"Quick question, On the 11/10 upload, Invoice quantity exceeds the signed goods receipt by 46 units.  We discussed this on a call earlier. Could you respond this week?",TKT-20251120-1561
"Regarding this invoice, On the 12/26 upload, The portal did not explain the exception.  Please keep us posted. Appreciate the help.",TKT-20251230-500
麻烦协助看一下:能提供这笔发票的预计付款日期吗? 麻烦把处理进度同步一下。 多谢!,CS-20260109-474
"请帮忙核实,公司名称已变更,烦请修改供应商主数据。 急,能尽快处理吗?",TKT-20251010-577
"Regarding this invoice, On the 4/21 upload, Warehouse received 471 pieces, but the invoice says 136.  I can pull the supporting docs if needed. Best regards.",RQ-20260427-479
"We noticed an issue, The goods receipt has not been posted yet. Warehouse received 142 pieces, but the invoice says 242.  Could you respond this week?",RQ-20260605-346
"帮忙看下这个情况,关于5月4日上传的票据,The supplier is asking whether the remittance has been sent.  We discussed this on a call earlier. 具体单据我稍后补发。",INC-20260504-388
"Regarding this invoice, The invoice dated 12/26, We need an update on the remittance stage.  Screenshot is in the portal. Appreciate the help.",AP-20260105-8661
"门店这边反馈,对应12月1日的采购单,收货记录显示115件,票上写了71件。 系统里截图我发到留言板了。 处理意见请回到门户留言。",CS-20251204-734
"Good morning, On the 9/20 upload, We need an update on the remittance stage.  Thanks.",RQ-20251006-781
"Just flagging, This looks like a second submission of the same invoice.  Any ETA would help.",AP-20260203-7935
"帮忙看下这个情况,这张票是9月16日录进去的,仓库已经收货了,但系统里找不到收货单。收货记录显示160件,票上写了74件。 有结果了麻烦通知我。",CS-20260925-224
"我们在核对本周单据时发现,这张票是1月25日录进去的,供应商一直在催,麻烦查下付款进度。 系统里截图我发到留言板了。 处理意见请回到门户留言。",TKT-20260203-3319
"这个单子卡了好几天了,这张票是8月11日录进去的,门户里出现两条票号和金额相同的记录,疑似重复提交。 辛苦了。",AP-20260814-730
"Could you look into this? For the document uploaded on 1/1, The supplier is asking whether the remittance has been sent.  Best regards.",CS-20260102-731
"收到一张发票想确认下,验收单是247件,发票却开了333件,麻烦核对。 客户那边催得紧。 谢谢。",AP-20251226-106
"不好意思打扰了,发票日期是11月5日,发票税额比明细合计多229元,麻烦重算一下。 麻烦本周内反馈一下。",AP-20251110-9501
"我们月底对账的时候发现,关于8月4日上传的票据,供应商询问汇款是否发出,请帮忙查询状态。 附件稍后补齐。",AP-20260805-776
"请帮忙核实,价税合计和税率对不上,差了57元。 处理意见请回到门户留言。",INC-20251113-912
"Following up on an invoice, For the document uploaded on 10/11, The supplier is asking whether the remittance has been sent.  Please keep us posted. Please let me know once resolved.",INC-20251105-867
"请帮忙核实,发票日期是12月13日,请帮忙确认这笔发票是不是和11月12日提交的那张重复了。 处理意见请回到门户留言。",CS-20251231-254
"麻烦协助看一下:关于9月14日提交的那笔发票,仓库已经收货了,但系统里找不到收货单。 具体单据我稍后补发。",INC-173021-94
"我们月底对账的时候发现,上传时间为11月4日,这张票昨天已经提交过一次,今天又看到一笔相同的申请。 麻烦给个准话。 附件稍后补齐。",AP-20251127-4623
"Following up on an invoice, The invoice dated 8/23, 付款审核卡在缺少采购或收货附件这一步,缺的是收货凭证。 之前电话沟通过,再文字确认一下。 Cheers.",CS-20260831-7886
"财务同事好,上传时间为3月23日,PO上的单价是250元,发票按221元开的,差了39元。 附件稍后补齐。",INC-20260407-589
"门店这边反馈,The same invoice number appeared twice with identical amounts.  辛苦了。",CS-20260613-5722
"您好,对应1月20日的采购单,Could we get an estimated payment date for this invoice?  附件稍后补齐。",TKT-426313-11
"Portal message: On the 2/22 upload, The old beneficiary account is closed and the vendor profile needs a new one.  Could you respond this week?",AP-20260226-989
"Just flagging, The ticket was filed on 2/13, 公司名称已变更,烦请修改供应商主数据。 Cheers.",INC-20260302-287
"我们在核对本周单据时发现,这张票是1月10日录进去的,这张票提交快18天了,门户还显示待处理,想问下什么时候能付款。 我这边可以配合补充任何单据。 麻烦本周内反馈一下。",AP-20260129-966
"这边有个单子需要处理一下,The warehouse accepted the delivery, but the receipt is not in the system.  谢谢。",CS-20260501-976
"采购部转过来的问题,上传时间为3月4日,数量没问题,就是单价差了24块。 麻烦把处理进度同步一下。 具体单据我稍后补发。",CS-105304-62
"请帮忙核实,关于11月20日上传的票据,入库数量和发票数量对不上,差41件。 处理意见请回到门户留言。",CS-20251128-345
"我们在核对本周单据时发现,这张票是9月6日录进去的,仓库已经收货了,但系统里找不到收货单。 辛苦了。",RQ-20250909-281
"Just flagging, On the 10/13 upload, The remittance address changed after the merger.  Appreciate the help.",RQ-20251023-432
"Could you look into this? For the document uploaded on 9/13, The remittance address changed after the merger.  The vendor is chasing us on this. Please let me know once resolved.",CS-20251007-834
"请帮忙核实,Two identical records are showing in the portal.  We discussed this on a call earlier. 急,能尽快处理吗?",TKT-20251005-493
"想麻烦确认一下,上传时间为1月17日,采购单约定单价286元,票面上却按204元计费。 我这边可以配合补充任何单据。 谢谢协助,采购也在等回复。",RQ-20260118-902
"Hi there, The ticket was filed on 1/17, The warehouse accepted the delivery, but the receipt is not in the system.  Happy to send the original document.",RQ-20260128-742
"供应商反馈:关于11月22日提交的那笔发票,这张票提交快35天了,门户还显示待处理,想问下什么时候能付款。 回头我补附件。 辛苦了。",RQ-20251126-990
"财务同事好,上传时间为11月2日,这张票提交快33天了,门户还显示待处理,想问下什么时候能付款。门户里出现两条票号和金额相同的记录,疑似重复提交。 处理意见请回到门户留言。",AP-20251116-921
"帮忙看下这个情况,对应3月4日的采购单,查了一下,同一发票号出现了两次,金额都一样。 谢谢协助,采购也在等回复。",RQ-20260312-607
"这个单子卡了好几天了,上传时间为2月11日,我们不确定应该将这份贷项通知关联到哪张票,目前没有明确的金额、数量或付款争议。 麻烦本周内反馈一下。",TKT-20260213-498
"Portal message: Regarding the submission from 5/16, This looks like a second submission of the same invoice.  Attachments are on the way. Happy to send the original document.",CS-20260525-6341
"Quick question, The ticket was filed on 11/27, The supplier is asking whether the remittance has been sent.  Please keep us posted. Best regards.",TKT-20251204-8825
"Could you look into this? The ticket was filed on 7/10, The supplier is asking whether the remittance has been sent.  Please let me know once resolved.",RQ-20260723-770
"We noticed an issue, The ticket was filed on 2/26, Could we get an estimated payment date for this invoice?  Best regards.",TKT-534006-52
"帮忙看下这个情况,入库单还没传到系统,发票已经过来了。 谢谢协助,采购也在等回复。",TKT-20260112-887
"请帮忙核实,上传时间为8月15日,PO上的单价是46元,发票按123元开的,差了30元。 附件我待会儿补上。 多谢!",RQ-20260831-406
"您好,发票日期是1月13日,能提供这笔发票的预计付款日期吗? 急,能尽快处理吗?",RQ-20260127-725
"供应商反馈:发票日期是7月31日,单价和采购合同对不上,麻烦重核一下。 多谢!",RQ-20260814-803
"Following up on an invoice, The ticket was filed on 7/11, Two identical records are showing in the portal.  Happy to send the original document.",CS-20260804-803
"Portal message: The ticket was filed on 11/7, The same invoice number appeared twice with identical amounts.  Happy to send the original document.",CS-20251202-880
"不好意思打扰了,关于3月18日上传的票据,供应商询问汇款是否发出,请帮忙查询状态。 处理意见请回到门户留言。",CS-20260411-3703
"采购部转过来的问题,仓库已经收货了,但系统里找不到收货单。 之前电话沟通过,再文字确认一下。 谢谢。",TKT-20260825-1589
"我们月底对账的时候发现,关于9月14日提交的那笔发票,采购单数量没变,但实际入库只有412件,票上按299件结算。 附件稍后补齐。",AP-20251003-153
"想麻烦确认一下,发票日期是7月6日,这张票提交快22天了,门户还显示待处理,想问下什么时候能付款。 具体单据我稍后补发。",INC-20260708-226
"刚收到系统提示,对应9月16日的采购单,供应商询问汇款是否发出,请帮忙查询状态。 急,能尽快处理吗?",CS-20260924-7340
"这个单子卡了好几天了,这张票是12月3日录进去的,PO上的单价是281元,发票按14元开的,差了46元。 具体单据我稍后补发。",CS-20251205-1480
"财务同事好,对应8月9日的采购单,供应商一直在催,麻烦查下付款进度。 系统里截图我发到留言板了。 多谢!",INC-20260831-535
"Good morning, The ticket was filed on 5/18, The receiving record shows 387 units; the invoice bills 441.  Screenshot is in the portal. Thanks.",CS-20260529-505
"Quick question, For the document uploaded on 12/16, The upload page never confirmed receipt of the document.  Could you respond this week?",RQ-20260102-648
"刚收到系统提示,对应9月6日的采购单,能提供这笔发票的预计付款日期吗? 回头我补附件。 麻烦本周内反馈一下。",RQ-20260929-449
"财务同事好,这张票是10月25日录进去的,The supplier is asking whether the remittance has been sent.  The vendor is chasing us on this. 处理意见请回到门户留言。",TKT-20251028-982
"门店这边反馈,关于4月25日上传的票据,发票税额比明细合计多291元,麻烦重算一下。 回头我补附件。 急,能尽快处理吗?",INC-20260508-654
"关于这张发票,关于9月19日上传的票据,这张票提交快5天了,门户还显示待处理,想问下什么时候能付款。 麻烦本周内反馈一下。",TKT-20251008-8911
"刚收到系统提示,关于3月6日提交的那笔发票,入库数量和发票数量对不上,差59件。 谢谢协助,采购也在等回复。",AP-20260309-112
"供应商反馈:关于12月30日上传的票据,采购单数量没变,但实际入库只有170件,票上按405件结算。 客户那边都炸了。 急,能尽快处理吗?",RQ-20251231-879
"采购部转过来的问题,发票日期是3月16日,供应商一直在催,麻烦查下付款进度。 具体单据我稍后补发。",CS-20260319-6117
"供应商反馈:关于5月20日提交的那笔发票,这张票提交快6天了,门户还显示待处理,想问下什么时候能付款。 处理意见请回到门户留言。",TKT-20260608-278
"采购部转过来的问题,对应3月6日的采购单,供应商询问汇款是否发出,请帮忙查询状态。 辛苦了。",TKT-589010-56
"关于这张发票,发票日期是3月7日,请帮忙确认这笔发票是不是和4月2日提交的那张重复了。 谢谢协助,采购也在等回复。",CS-20260327-696
"帮忙看下这个情况,上传时间为3月23日,入库数量和发票数量对不上,差44件。 麻烦把处理进度同步一下。 辛苦了。",CS-20260324-443
"我们在核对本周单据时发现,关于9月15日提交的那笔发票,公司名称已变更,烦请修改供应商主数据。能提供这笔发票的预计付款日期吗? 之前电话沟通过,再文字确认一下。 辛苦了。",AP-20260929-676
"Regarding this invoice, The ticket was filed on 3/13, VAT is correct; the disputed figure is the unit price, off by $44.  Best regards.",RQ-521909-30
"Hello AP team, Two identical records are showing in the portal.  We discussed this on a call earlier. Please let me know once resolved.",CS-20260602-700
"Could you look into this? On the 11/16 upload, The purchase order and invoice disagree on unit pricing for this delivery.  Best regards.",CS-20251202-522
"财务同事好,关于6月26日提交的那笔发票,供应商的收款银行账户换了,后续付款请用新信息。 系统里截图我发到留言板了。 谢谢协助,采购也在等回复。",TKT-20260708-275
"Regarding this invoice, For the document uploaded on 2/23, The VAT total is off by $3.  Cheers.",TKT-20260302-432
"麻烦协助看一下:对应8月20日的采购单,单价和采购合同对不上,麻烦重核一下。 之前电话沟通过,再文字确认一下。 谢谢协助,采购也在等回复。",AP-20260824-421
"Following up on an invoice, The invoice dated 2/15, This invoice is missing the purchase order reference.  I can pull the supporting docs if needed. Appreciate the help.",AP-20260219-796
"Hi there, On the 2/19 upload, It has been pending for 27 days; any update on the payment run?  Appreciate the help.",INC-20260303-379
"门店这边反馈,关于10月30日提交的那笔发票,入库单还没传到系统,发票已经过来了。 具体单据我稍后补发。",TKT-20251106-499
"刚收到系统提示,这张票是4月6日录进去的,查了一下,同一发票号出现了两次,金额都一样。 谢谢协助,采购也在等回复。",CS-20260421-200
"采购部转过来的问题,对应9月20日的采购单,这单缺采购订单附件,麻烦帮忙补一下关联。 麻烦本周内反馈一下。",RQ-20250930-387
"想麻烦确认一下,发票日期是8月23日,验收单是337件,发票却开了182件,麻烦核对。 系统里截图我发到留言板了。 先谢过了。 有结果了麻烦通知我。",INC-20260915-136
"门店这边反馈,供应商一直在催,麻烦查下付款进度。 附件稍后补齐。",CS-20260513-4208
"帮忙看下这个情况,这张票是1月11日录进去的,合同用人民币结算,票面却填成美元,需要修正。 多谢!",CS-554199-12
"这个单子卡了好几天了,对应1月4日的采购单,这张票提交快7天了,门户还显示待处理,想问下什么时候能付款。 谢谢。",CS-20260114-846
"Quick question, For the document uploaded on 1/19, There is an invoice issue, but we do not yet have enough detail to identify it.  Any ETA would help.",RQ-20260128-246
"想麻烦确认一下,关于10月11日提交的那笔发票,付款审核卡在缺少采购或收货附件这一步,缺的是收货凭证。 附件我待会儿补上。 谢谢。",INC-20251103-591
"不好意思打扰了,对应4月8日的采购单,系统给的异常原因看不太懂,帮忙人工看一下。 之前电话沟通过,再文字确认一下。 急,能尽快处理吗?",CS-20260429-435
"门店这边反馈,关于1月24日上传的票据,入库数量和发票数量对不上,差3件。 多谢!",TKT-20260203-872
"我们在核对本周单据时发现,上传时间为1月14日,请帮忙确认这笔发票是不是和11月13日提交的那张重复了。 处理意见请回到门户留言。",RQ-20260202-6621
"采购部转过来的问题,对应10月2日的采购单,上传页面一直没确认收到文件,麻烦看下是不是漏了。 谢谢。",AP-20251020-2698
"Could you look into this? 数量没问题,就是单价差了20块。 Please let me know once resolved.",CS-20260206-205
"采购部转过来的问题,这张票是1月15日录进去的,请帮忙确认这笔发票是不是和10月10日提交的那张重复了。 处理意见请回到门户留言。",CS-20260127-629
"Hi there, Regarding the submission from 7/16, Please attach the goods receipt so AP can process this invoice.  Any ETA would help.",AP-857492-56
"帮忙看下这个情况,币种和折算金额好像不对,请复核。 谢谢协助,采购也在等回复。",RQ-20260430-252
"门店这边反馈,对应11月7日的采购单,供应商一直在催,麻烦查下付款进度。 客户那边都炸了。 具体单据我稍后补发。",RQ-20251124-683
"不好意思打扰了,关于8月19日提交的那笔发票,The VAT total is off by $39.  I can pull the supporting docs if needed. 有结果了麻烦通知我。",CS-20260901-572
"门店这边反馈,关于10月21日提交的那笔发票,这张票昨天已经提交过一次,今天又看到一笔相同的申请。 谢谢协助,采购也在等回复。",AP-20251103-966
"刚收到系统提示,对应7月2日的采购单,供应商一直在催,麻烦查下付款进度。 附件稍后补齐。",RQ-20260706-908
"采购部转过来的问题,关于4月10日上传的票据,付款审核卡在缺少采购或收货附件这一步,缺的是收货凭证。 有结果了麻烦通知我。",TKT-20260410-316
"Hello AP team, 验收单是50件,发票却开了68件,麻烦核对。 Appreciate the help.",TKT-20250928-911
"帮忙看下这个情况,发票日期是10月29日,门户里出现两条票号和金额相同的记录,疑似重复提交。 辛苦了。",AP-20251119-286
"刚收到系统提示,发票日期是8月19日,入库单还没传到系统,发票已经过来了。 之前电话沟通过,再文字确认一下。 谢谢协助,采购也在等回复。",AP-20260825-924
"供应商那边一直在问,收货记录显示67件,票上写了352件。 我这边可以配合补充任何单据。 麻烦本周内反馈一下。",AP-20251111-845
"不好意思打扰了,关于12月12日上传的票据,对照采购订单后发现,这批货的含税前单价多写了301元。 之前电话沟通过,再文字确认一下。 附件稍后补齐。",CS-20251217-451
"Hi there, On the 11/6 upload, PO上的单价是130元,发票按292元开的,差了26元。 Happy to send the original document.",AP-20251121-459
"采购部转过来的问题,上传时间为3月14日,请帮忙确认这笔发票是不是和9月5日提交的那张重复了。 我这边可以配合补充任何单据。 具体单据我稍后补发。",TKT-835661-89
"关于这张发票,关于2月5日提交的那笔发票,验收单是239件,发票却开了454件,麻烦核对。 谢谢协助,采购也在等回复。",AP-20260302-457
"我们在核对本周单据时发现,发票日期是2月1日,这张票提交快34天了,门户还显示待处理,想问下什么时候能付款。 谢谢协助,采购也在等回复。",RQ-20260225-573
"我们在核对本周单据时发现,发票日期是11月29日,发票税额比明细合计多92元,麻烦重算一下。 客户那边催得紧。 急,能尽快处理吗?",AP-20251223-894
"Following up on an invoice, Contract is in CNY but the invoice was issued in USD.  Could you respond this week?",AP-20260428-527
"采购部转过来的问题,发票日期是5月24日,收货记录显示353件,票上写了179件。 谢谢协助,采购也在等回复。",CS-20260525-963
"Regarding this invoice, The ticket was filed on 9/12, This invoice is missing the purchase order reference.  Screenshot is in the portal. Happy to send the original document.",AP-20251003-294
"请帮忙核实,对应3月27日的采购单,The purchase order and invoice disagree on unit pricing for this delivery.  谢谢。",INC-20260416-300
"您好,发票日期是4月14日,这张票昨天已经提交过一次,今天又看到一笔相同的申请。 客户那边都炸了。 多谢!",AP-20260506-755
"供应商那边一直在问,上传时间为9月23日,这单缺采购订单附件,麻烦帮忙补一下关联。 多谢!",CS-20251017-390
"Hello AP team, It has been pending for 7 days; any update on the payment run?  Attachments are on the way. Thanks.",AP-20251204-693
"请帮忙核实,对照采购订单后发现,这批货的含税前单价多写了192元。 处理意见请回到门户留言。",CS-20250928-812
"我们在核对本周单据时发现,这张票是6月25日录进去的,验收单是173件,发票却开了141件,麻烦核对。 多谢!",INC-20260716-5020
"Regarding this invoice, The invoice dated 4/16, PO上的单价是60元,发票按205元开的,差了32元。 附件我待会儿补上。 Best regards.",INC-20260420-310
"您好,这张票是9月26日录进去的,采购单约定单价285元,票面上却按47元计费。 谢谢。",AP-881671-74
"您好,对应10月23日的采购单,合同用人民币结算,票面却填成美元,需要修正。 你说这算谁的。 麻烦本周内反馈一下。",INC-20251028-7446
"麻烦协助看一下:关于5月10日提交的那笔发票,单价和采购合同对不上,麻烦重核一下。 附件稍后补齐。",AP-20260521-903
Portal message: The same invoice number appeared twice with identical amounts.  Cheers.,AP-20260804-861
"Following up on an invoice, Regarding the submission from 3/18, The old beneficiary account is closed and the vendor profile needs a new one.  Please let me know once resolved.",TKT-20260408-7466
"不好意思打扰了,采购单约定单价136元,票面上却按96元计费。 麻烦本周内反馈一下。",RQ-20260603-6564
"财务同事好,对应6月24日的采购单,仓库已经收货了,但系统里找不到收货单。 谢谢协助,采购也在等回复。",AP-20260703-288
"Quick question, For the document uploaded on 12/16, The upload page never confirmed receipt of the document.  I can pull the supporting docs if needed. Please let me know once resolved.",RQ-20260101-957
"Regarding this invoice, The ticket was filed on 5/28, 付款审核卡在缺少采购或收货附件这一步,缺的是收货凭证。 我这边可以配合补充任何单据。 Cheers.",AP-20260601-800
"我们在核对本周单据时发现,这张票是3月24日录进去的,抬头信息和注册名称不一致,需要更新档案。 系统里截图我发到留言板了。 真的挺急的。 附件稍后补齐。",AP-402095-40
"采购部转过来的问题,上传时间为4月7日,单价和采购合同对不上,麻烦重核一下。 急,能尽快处理吗?",TKT-20260417-151
"Good morning, Regarding the submission from 12/23, Could we get an estimated payment date for this invoice?  Thanks.",TKT-20260116-696
"这边有个单子需要处理一下,关于1月21日上传的票据,老账户已经注销,供应商档案需要改成新账户。能提供这笔发票的预计付款日期吗? 急,能尽快处理吗?",AP-20260130-642
"请帮忙核实,关于6月17日上传的票据,系统给的异常原因看不太懂,帮忙人工看一下。 我这边可以配合补充任何单据。 麻烦本周内反馈一下。",RQ-20260630-634
"We noticed an issue, Regarding the submission from 6/13, Please update the supplier master with the new legal name.  I can pull the supporting docs if needed. Could you respond this week?",RQ-20260623-506
"Portal message: The ticket was filed on 4/18, VAT is correct; the disputed figure is the unit price, off by $6.  Cheers.",RQ-20260502-9669
"Hi there, Regarding the submission from 12/27, This looks like a second submission of the same invoice.  Please keep us posted. Any ETA would help.",INC-20260112-878
"我们月底对账的时候发现,上传时间为5月8日,入库单还没传到系统,发票已经过来了。 之前电话沟通过,再文字确认一下。 具体单据我稍后补发。",TKT-20260601-170
"想麻烦确认一下,这张票是1月6日录进去的,请帮忙确认这笔发票是不是和7月8日提交的那张重复了。采购单数量没变,但实际入库只有211件,票上按104件结算。 之前电话沟通过,再文字确认一下。 急,能尽快处理吗?",INC-20260106-739
"我们在核对本周单据时发现,这张票是9月7日录进去的,数量没问题,就是单价差了19块。仓库已经收货了,但系统里找不到收货单。 回头我补附件。 多谢!",INC-20251002-8997
"供应商反馈:发票日期是2月16日,对照采购订单后发现,这批货的含税前单价多写了188元。 具体单据我稍后补发。",AP-20260227-408
"帮忙看下这个情况,关于6月17日上传的票据,供应商一直在催,麻烦查下付款进度。 回头我补附件。 具体单据我稍后补发。",CS-20260625-921
"供应商那边一直在问,采购单数量没变,但实际入库只有200件,票上按203件结算。 客户那边催得紧。 谢谢协助,采购也在等回复。",CS-20251205-132
"我们月底对账的时候发现,供应商询问汇款是否发出,请帮忙查询状态。 附件稍后补齐。",INC-20260718-947
"供应商反馈:上传时间为1月19日,门户里出现两条票号和金额相同的记录,疑似重复提交。 辛苦了。",AP-20260123-193
"想麻烦确认一下,这张票是10月20日录进去的,价税合计和税率对不上,差了54元。 急,能尽快处理吗?",INC-139858-21
"Portal message: The invoice dated 11/30, Could we get an estimated payment date for this invoice?  Appreciate the help.",TKT-20251225-520
"采购部转过来的问题,发票日期是8月3日,数量没问题,就是单价差了42块。 之前电话沟通过,再文字确认一下。 具体单据我稍后补发。",TKT-20260818-703
"Good morning, The ticket was filed on 7/12, We need an update on the remittance stage.  Please let me know once resolved.",TKT-20260728-315
"我们在核对本周单据时发现,It has been pending for 39 days; any update on the payment run?  谢谢。",CS-20260930-931
"想麻烦确认一下,上传时间为6月10日,供应商一直在催,麻烦查下付款进度。 客户那边催得紧。 附件稍后补齐。",TKT-20260704-951
"收到一张发票想确认下,关于3月27日提交的那笔发票,币种和折算金额好像不对,请复核。 麻烦本周内反馈一下。",TKT-20260331-388
"收到一张发票想确认下,对应7月24日的采购单,Please check for a duplicate entry against last week's batch.  处理意见请回到门户留言。",TKT-20260817-9385
Portal message: The remittance address changed after the merger.  We discussed this on a call earlier. Could you respond this week?,RQ-20260102-459
"Hello AP team, The ticket was filed on 10/27, Please compare the invoice quantity with the goods receipt on file.  Cheers.",INC-896785-24
"Hi there, The ticket was filed on 9/25, We need an update on the remittance stage.  Happy to send the original document.",TKT-20250929-226
"Could you look into this? The ticket was filed on 9/27, 数量没问题,就是单价差了19块。 Could you respond this week?",INC-20251002-400
"门店这边反馈,对应1月29日的采购单,Please compare the invoice quantity with the goods receipt on file.  有结果了麻烦通知我。",AP-20260201-412
"Portal message: On the 10/31 upload, The supplier is asking whether the remittance has been sent.  Appreciate the help.",AP-20251105-511
"We noticed an issue, The invoice dated 9/23, Could we get an estimated payment date for this invoice?  Thanks.",CS-20260924-763
"帮忙看下这个情况,这张票是6月3日录进去的,这张票提交快14天了,门户还显示待处理,想问下什么时候能付款。 处理意见请回到门户留言。",CS-20260604-3570
"Good morning, On the 11/13 upload, Unit price on the PO is $256, but the invoice bills $27.  Please let me know once resolved.",AP-20251127-623
"We noticed an issue, Regarding the submission from 8/30, We need an update on the remittance stage.  Screenshot is in the portal. Any ETA would help.",CS-20260923-679
"关于这张发票,这张票是10月28日录进去的,采购单数量没变,但实际入库只有364件,票上按295件结算。 具体单据我稍后补发。",RQ-20251103-972
"Quick question, Regarding the submission from 5/2, Unit price on the PO is $281, but the invoice bills $90.  Screenshot is in the portal. Best regards.",RQ-20260502-5950
"Could you look into this? The ticket was filed on 10/10, The purchase order and invoice disagree on unit pricing for this delivery.  Could you respond this week?",INC-20251031-733
"采购部转过来的问题,系统给的异常原因看不太懂,帮忙人工看一下。 我这边可以配合补充任何单据。 别拖到下个月了啊。 谢谢协助,采购也在等回复。",AP-20260811-558
"刚收到系统提示,对应12月16日的采购单,对照采购订单后发现,这批货的含税前单价多写了25元。 麻烦把处理进度同步一下。 先谢过了。 急,能尽快处理吗?",INC-20251229-269
"不好意思打扰了,对应3月16日的采购单,供应商一直在催,麻烦查下付款进度。 辛苦了。",TKT-20260316-951
"不好意思打扰了,入库单还没传到系统,发票已经过来了。验收单是146件,发票却开了245件,麻烦核对。 你说这算谁的。 谢谢。",CS-20260522-9946
"门店这边反馈,入库单还没传到系统,发票已经过来了。 麻烦本周内反馈一下。",INC-20251117-824
"财务同事好,关于9月20日提交的那笔发票,It has been pending for 14 days; any update on the payment run?  急,能尽快处理吗?",TKT-20260929-425
"Just flagging, The invoice dated 2/8, We need an update on the remittance stage.  Best regards.",TKT-20260224-571
"收到一张发票想确认下,关于9月22日上传的票据,供应商询问汇款是否发出,请帮忙查询状态。 多谢!",RQ-20260929-648
"Regarding this invoice, The invoice dated 7/30, Please compare the invoice quantity with the goods receipt on file.  Happy to send the original document.",INC-20260804-5298
"这边有个单子需要处理一下,关于8月24日上传的票据,入库单还没传到系统,发票已经过来了。 系统里截图我发到留言板了。 具体单据我稍后补发。",CS-20250917-513
"不好意思打扰了,关于4月4日提交的那笔发票,单据有点问题,但暂时说不清具体是哪一类,先转人工看看吧。 我这边可以配合补充任何单据。 麻烦本周内反馈一下。",AP-20260424-376
"Could you look into this? The ticket was filed on 2/4, There is an invoice issue, but we do not yet have enough detail to identify it.  Happy to send the original document.",CS-20260224-886
"门店这边反馈,发票日期是4月6日,数量没问题,就是单价差了27块。 客户那边都炸了。 麻烦本周内反馈一下。",RQ-244346-37
"Hi there, On the 8/20 upload, The purchase order and invoice disagree on unit pricing for this delivery.  Please let me know once resolved.",INC-20260909-232
"Just flagging, Regarding the submission from 6/25, The warehouse accepted the delivery, but the receipt is not in the system.  Appreciate the help.",CS-20260703-558
"Hello AP team, Could we get an estimated payment date for this invoice?  Happy to send the original document.",AP-124611-98
"请帮忙核实,这张票昨天已经提交过一次,今天又看到一笔相同的申请。 处理意见请回到门户留言。",TKT-20251121-435
"财务同事好,关于9月19日提交的那笔发票,Warehouse received 218 pieces, but the invoice says 213.  麻烦本周内反馈一下。",CS-20250929-729
"供应商反馈:关于1月8日上传的票据,发票税额比明细合计多22元,麻烦重算一下。 系统里截图我发到留言板了。 谢谢。",RQ-666333-12
"请帮忙核实,关于10月15日上传的票据,系统给的异常原因看不太懂,帮忙人工看一下。 之前电话沟通过,再文字确认一下。 处理意见请回到门户留言。",TKT-20251104-351
"我们在核对本周单据时发现,发票日期是8月27日,Unit price on the PO is $28, but the invoice bills $13.  有结果了麻烦通知我。",CS-20260830-378
"您好,对应2月19日的采购单,供应商询问汇款是否发出,请帮忙查询状态。 麻烦把处理进度同步一下。 谢谢协助,采购也在等回复。",CS-20260223-170
"Just flagging, For the document uploaded on 7/20, The supplier is asking whether the remittance has been sent.  Please let me know once resolved.",CS-912857-85
"不好意思打扰了,供应商一直在催,麻烦查下付款进度。 之前电话沟通过,再文字确认一下。 辛苦了。",INC-389139-65
"我们在核对本周单据时发现,上传时间为12月8日,供应商询问汇款是否发出,请帮忙查询状态。 麻烦本周内反馈一下。",INC-20260102-852
"想麻烦确认一下,这张票是7月22日录进去的,对照采购订单后发现,这批货的含税前单价多写了61元。 之前电话沟通过,再文字确认一下。 麻烦本周内反馈一下。",INC-20260727-835
"采购部转过来的问题,这张票是7月19日录进去的,Unit price on the PO is $257, but the invoice bills $115.  Screenshot is in the portal. 具体单据我稍后补发。",AP-20260809-132
"我们月底对账的时候发现,系统给的异常原因看不太懂,帮忙人工看一下。 附件我待会儿补上。 有结果了麻烦通知我。",CS-20260501-208
"Quick question, The receiving record shows 149 units; the invoice bills 326.  Please let me know once resolved.",INC-20260403-502
"财务同事好,关于8月30日上传的票据,收货记录显示18件,票上写了471件。 客户那边都炸了。 辛苦了。",INC-20250901-454
"Just flagging, On the 8/15 upload, This looks like a second submission of the same invoice.  Screenshot is in the portal. Best regards.",TKT-20250908-347
"刚收到系统提示,对应9月14日的采购单,采购单约定单价130元,票面上却按275元计费。 附件稍后补齐。",TKT-20250922-843
"刚收到系统提示,发票日期是8月28日,老账户已经注销,供应商档案需要改成新账户。 我这边可以配合补充任何单据。 具体单据我稍后补发。",CS-20260902-491
"Good morning, For the document uploaded on 5/20, The same invoice number appeared twice with identical amounts.  The vendor is chasing us on this. Please let me know once resolved.",TKT-20260609-284
"请帮忙核实,关于8月16日提交的那笔发票,采购单约定单价269元,票面上却按16元计费。 附件稍后补齐。",CS-20260901-9877
"不好意思打扰了,关于2月27日上传的票据,数量没问题,就是单价差了42块。 麻烦把处理进度同步一下。 有结果了麻烦通知我。",AP-20260305-625
"帮忙看下这个情况,The tax amount does not add up with the line details.  处理意见请回到门户留言。",TKT-20260225-696
"采购部转过来的问题,抬头信息和注册名称不一致,需要更新档案。 附件我待会儿补上。 附件稍后补齐。",CS-20260501-292
"Hi there, Regarding the submission from 9/11, The tax amount does not add up with the line details. Quantity is fine; the unit cost does not match the approved PO line.  Attachments are on the way. Cheers.",TKT-20251002-855
"Just flagging, 采购单约定单价7元,票面上却按64元计费。 之前电话沟通过,再文字确认一下。 Cheers.",INC-899680-28
"麻烦协助看一下:对应7月28日的采购单,对照采购订单后发现,这批货的含税前单价多写了110元。 之前电话沟通过,再文字确认一下。 麻烦本周内反馈一下。",TKT-20260804-4784
"Hello AP team, Regarding the submission from 7/13, 供应商询问汇款是否发出,请帮忙查询状态。 我这边可以配合补充任何单据。 Please let me know once resolved.",RQ-20260805-454
"供应商反馈:关于7月16日上传的票据,这单缺采购订单附件,麻烦帮忙补一下关联。 谢谢协助,采购也在等回复。",TKT-20260720-479
"Just flagging, For the document uploaded on 1/11, This invoice is missing the purchase order reference.  Please keep us posted. Happy to send the original document.",TKT-20260126-926
"Quick question, On the 5/17 upload, 这张票昨天已经提交过一次,今天又看到一笔相同的申请。 Happy to send the original document.",RQ-20260519-547
"门店这边反馈,关于3月11日上传的票据,数量没问题,就是单价差了4块。 谢谢。",RQ-20260320-2536
"Good morning, It has been pending for 25 days; any update on the payment run?  Please let me know once resolved.",RQ-20251120-125
"您好,对应4月29日的采购单,仓库已经收货了,但系统里找不到收货单。 辛苦了。",CS-20260501-928
"Hello AP team, For the document uploaded on 8/22, 入库数量和发票数量对不上,差39件。 Happy to send the original document.",RQ-20260904-298
"这个单子卡了好几天了,关于11月9日提交的那笔发票,请帮忙确认这笔发票是不是和2月16日提交的那张重复了。 我这边可以配合补充任何单据。 急,能尽快处理吗?",TKT-20251124-5146
"不好意思打扰了,We need an update on the remittance stage.  具体单据我稍后补发。",RQ-20260918-6116
"Hello AP team, For the document uploaded on 6/1, We are unsure which ticket this credit note should map to.  Any ETA would help.",INC-20260625-272
"Good morning, The ticket was filed on 8/21, Quantity is fine; the unit cost does not match the approved PO line.  The vendor is chasing us on this. Appreciate the help.",RQ-20250901-8115
"想麻烦确认一下,这单缺采购订单附件,麻烦帮忙补一下关联。 急,能尽快处理吗?",TKT-20260626-7986
"我们在核对本周单据时发现,关于6月12日上传的票据,入库单还没传到系统,发票已经过来了。 我这边可以配合补充任何单据。 麻烦本周内反馈一下。",CS-20260630-6592
"Following up on an invoice, For the document uploaded on 9/8, 价税合计和税率对不上,差了46元。 Appreciate the help.",TKT-20250926-131
"Hi there, We need an update on the remittance stage.  Any ETA would help.",RQ-20260506-168
"您好,PO上的单价是147元,发票按131元开的,差了57元。 客户那边催得紧。 具体单据我稍后补发。",CS-20251230-507
"财务同事好,关于10月30日提交的那笔发票,合同用人民币结算,票面却填成美元,需要修正。 我这边可以配合补充任何单据。 麻烦本周内反馈一下。",TKT-20251110-876
"供应商反馈:关于7月31日提交的那笔发票,能提供这笔发票的预计付款日期吗? 之前电话沟通过,再文字确认一下。 多谢!",RQ-20260806-651
"您好,对应12月6日的采购单,供应商一直在催,麻烦查下付款进度。 有结果了麻烦通知我。",AP-20251213-474
"Regarding this invoice, Could we get an estimated payment date for this invoice?  Any ETA would help.",INC-20251229-988
"采购部转过来的问题,关于11月11日上传的票据,这张票提交快15天了,门户还显示待处理,想问下什么时候能付款。 具体单据我稍后补发。",INC-20251126-499
"Could you look into this? The ticket was filed on 5/14, Two identical records are showing in the portal.  Cheers.",AP-20260522-798
"Could you look into this? The ticket was filed on 5/26, We need an update on the remittance stage.  We discussed this on a call earlier. Thanks.",TKT-20260601-393
"想麻烦确认一下,发票日期是2月17日,验收单是128件,发票却开了118件,麻烦核对。 附件稍后补齐。",RQ-20260226-211
"Quick question, For the document uploaded on 12/23, The VAT total is off by $15.  Thanks.",INC-20251230-329
"Good morning, Regarding the submission from 10/27, 供应商的收款银行账户换了,后续付款请用新信息。 麻烦把处理进度同步一下。 Could you respond this week?",CS-20251027-161
"关于这张发票,对应11月13日的采购单,入库单还没传到系统,发票已经过来了。 我这边可以配合补充任何单据。 客户那边都炸了。 有结果了麻烦通知我。",AP-302945-54
"这个单子卡了好几天了,关于8月17日上传的票据,供应商询问汇款是否发出,请帮忙查询状态。门户里出现两条票号和金额相同的记录,疑似重复提交。 系统里截图我发到留言板了。 麻烦本周内反馈一下。",AP-20250904-5008
"Following up on an invoice, For the document uploaded on 9/17, 验收单是360件,发票却开了102件,麻烦核对。 Any ETA would help.",RQ-20250927-165
"财务同事好,上传时间为5月25日,The goods receipt has not been posted yet.  Screenshot is in the portal. 具体单据我稍后补发。",RQ-20260603-413
"Good morning, The invoice dated 8/20, The remittance address changed after the merger.  Could you respond this week?",INC-20250911-671
"采购部转过来的问题,It has been pending for 4 days; any update on the payment run?  谢谢协助,采购也在等回复。",CS-20251118-130
"我们月底对账的时候发现,关于10月25日上传的票据,请帮忙确认这笔发票是不是和8月26日提交的那张重复了。 之前电话沟通过,再文字确认一下。 谢谢协助,采购也在等回复。",CS-20251028-8165
"这个单子卡了好几天了,发票日期是9月5日,入库单还没传到系统,发票已经过来了。 麻烦把处理进度同步一下。 具体单据我稍后补发。",TKT-20260930-570
"Portal message: For the document uploaded on 5/26, Warehouse received 357 pieces, but the invoice says 427.  Best regards.",RQ-20260601-899
"采购部转过来的问题,关于3月23日提交的那笔发票,收货记录显示90件,票上写了311件。 附件我待会儿补上。 具体单据我稍后补发。",AP-20260327-607
"Hello AP team, For the document uploaded on 10/17, VAT is correct; the disputed figure is the unit price, off by $26.  Cheers.",TKT-20251027-607
"财务同事好,上传时间为8月29日,验收单是264件,发票却开了274件,麻烦核对。 别拖到下个月了啊。 具体单据我稍后补发。",RQ-20250908-446
"刚收到系统提示,发票日期是10月14日,供应商的收款银行账户换了,后续付款请用新信息。 客户那边催得紧。 麻烦本周内反馈一下。",CS-20251030-625
"Regarding this invoice, The ticket was filed on 8/8, The remittance address changed after the merger.  The vendor is chasing us on this. Please let me know once resolved.",AP-20260825-941
"麻烦协助看一下:对应5月28日的采购单,入库单还没传到系统,发票已经过来了。 急,能尽快处理吗?",CS-20260616-4115
"这个单子卡了好几天了,这张票是6月3日录进去的,这单缺采购订单附件,麻烦帮忙补一下关联。 附件我待会儿补上。 谢谢。",CS-20260609-821
"我们在核对本周单据时发现,这张票昨天已经提交过一次,今天又看到一笔相同的申请。 附件我待会儿补上。 回头我补附件。 谢谢。",CS-20251225-3062
"帮忙看下这个情况,关于3月28日提交的那笔发票,这单缺采购订单附件,麻烦帮忙补一下关联。 你说这算谁的。 辛苦了。",RQ-20260403-2399
"您好,关于2月7日提交的那笔发票,供应商询问汇款是否发出,请帮忙查询状态。 之前电话沟通过,再文字确认一下。 先谢过了。 多谢!",AP-20260213-804
"关于这张发票,上传时间为3月19日,单价和采购合同对不上,麻烦重核一下。 麻烦把处理进度同步一下。 你说这算谁的。 附件稍后补齐。",RQ-20260320-181
"麻烦协助看一下:关于4月13日提交的那笔发票,查了一下,同一发票号出现了两次,金额都一样。 麻烦把处理进度同步一下。 处理意见请回到门户留言。",CS-20260429-6928
"我们在核对本周单据时发现,发票日期是4月4日,Please compare the invoice quantity with the goods receipt on file.  谢谢。",AP-20260419-412
"Hi there, The invoice dated 8/26, Please compare the invoice quantity with the goods receipt on file.  Best regards.",TKT-20260914-737
"Could you look into this? The ticket was filed on 3/31, The portal did not explain the exception.  Thanks.",TKT-20260331-146
"Regarding this invoice, The ticket was filed on 3/22, The old beneficiary account is closed and the vendor profile needs a new one.  Screenshot is in the portal. Cheers.",RQ-20260401-593
"Hi there, For the document uploaded on 6/8, The supplier is asking whether the remittance has been sent.  Appreciate the help.",AP-20260701-405
